City_ID,City,Country,Lat,Lng,Max Temp,Humidity,Cloudiness,Wind Speed,Current Description,Date
0,Concepcion,CL,-36.827,-73.0498,35.4,100,0,5.75,clear sky,09-18-2022 12:20:16
1,Barrow,US,71.2906,-156.7887,32.02,93,100,21.85,fog,09-18-2022 12:20:39
2,Rikitea,PF,-23.1203,-134.9692,71.37,64,38,17.92,scattered clouds,09-18-2022 12:20:40
3,Hirara,JP,24.8,125.2833,80.78,78,38,21.74,scattered clouds,09-18-2022 12:20:40
4,Atuona,PF,-9.8,-139.0333,76.28,77,19,23.94,light rain,09-18-2022 12:20:41
5,Chokurdakh,RU,70.6333,147.9167,34.57,68,92,5.59,overcast clouds,09-18-2022 12:20:41
6,Port Alfred,ZA,-33.5906,26.891,62.19,86,100,5.01,overcast clouds,09-18-2022 12:20:41
7,Hilo,US,19.7297,-155.09,78.28,89,100,8.05,overcast clouds,09-18-2022 12:20:42
8,Mnogovershinnyy,RU,53.9353,139.9242,46.96,97,99,5.01,overcast clouds,09-18-2022 12:20:42
9,Domna,RU,51.8971,113.1573,50.16,31,20,11.18,few clouds,09-18-2022 12:20:42
10,Flinders,AU,-34.5833,150.8552,60.19,60,8,4.0,clear sky,09-18-2022 12:20:43
11,Hobart,AU,-42.8794,147.3294,51.66,81,75,8.05,broken clouds,09-18-2022 12:20:43
12,Mar Del Plata,AR,-38.0023,-57.5575,56.95,93,100,11.99,overcast clouds,09-18-2022 12:20:44
13,Saskylakh,RU,71.9167,114.0833,28.85,90,63,6.98,broken clouds,09-18-2022 12:20:44
14,Mataura,NZ,-46.1927,168.8643,46.47,95,98,4.07,overcast clouds,09-18-2022 12:20:44
15,Faanui,PF,-16.4833,-151.75,78.01,73,2,18.77,clear sky,09-18-2022 12:20:45
16,Yellowknife,CA,62.456,-114.3525,45.12,100,75,10.36,mist,09-18-2022 12:16:04
17,Elko,US,41.0002,-115.5012,50.65,69,70,1.01,broken clouds,09-18-2022 12:20:45
18,Ndele,CF,8.4109,20.6473,71.17,95,100,2.62,light rain,09-18-2022 12:20:46
19,Sao Miguel Do Araguaia,BR,-13.275,-50.1628,94.23,28,13,5.77,few clouds,09-18-2022 12:20:44
20,Mahebourg,MU,-20.4081,57.7,73.69,64,75,16.11,broken clouds,09-18-2022 12:20:46
21,West Bay,KY,19.3667,-81.4167,84.27,81,20,4.61,few clouds,09-18-2022 12:20:46
22,Ilulissat,GL,69.2167,-51.1,42.82,93,100,9.22,light rain,09-18-2022 12:20:47
23,Ponta Delgada,PT,37.7333,-25.6667,80.51,78,20,5.75,few clouds,09-18-2022 12:18:54
24,Qaanaaq,GL,77.484,-69.3632,23.18,55,0,7.65,clear sky,09-18-2022 12:20:47
25,Thompson,CA,55.7435,-97.8558,51.96,100,100,5.75,mist,09-18-2022 12:20:48
26,Esperance,AU,-33.8667,121.9,54.59,87,59,5.99,broken clouds,09-18-2022 12:20:48
27,Fortuna,US,40.5982,-124.1573,55.92,91,100,4.72,moderate rain,09-18-2022 12:20:49
28,Noumea,NC,-22.2763,166.4572,67.98,84,25,8.01,scattered clouds,09-18-2022 12:20:49
29,Tsybli,UA,49.9948,31.5628,61.48,90,97,15.82,light rain,09-18-2022 12:20:49
30,Airai,TL,-8.9266,125.4092,61.74,71,90,1.74,overcast clouds,09-18-2022 12:20:50
31,East London,ZA,-33.0153,27.9116,63.54,88,100,12.66,overcast clouds,09-18-2022 12:20:50
32,Bredasdorp,ZA,-34.5322,20.0403,58.86,64,89,14.65,light rain,09-18-2022 12:20:51
33,Sorland,NO,67.667,12.6934,51.66,76,100,15.14,overcast clouds,09-18-2022 12:20:51
34,Kerema,PG,-7.9631,145.7785,79.0,88,91,3.22,overcast clouds,09-18-2022 12:20:51
35,Paita,PE,-5.0892,-81.1144,63.46,88,61,9.22,broken clouds,09-18-2022 12:20:52
36,Guerrero Negro,MX,27.9769,-114.0611,67.12,85,2,11.12,clear sky,09-18-2022 12:20:52
37,Punta Arenas,CL,-53.15,-70.9167,33.91,86,0,6.91,clear sky,09-18-2022 12:20:53
38,Ribeira Grande,PT,38.5167,-28.7,77.4,83,20,10.36,few clouds,09-18-2022 12:20:53
39,Busselton,AU,-33.65,115.3333,54.46,78,47,10.71,scattered clouds,09-18-2022 12:20:54
40,Souillac,MU,-20.5167,57.5167,73.78,64,75,16.11,broken clouds,09-18-2022 12:20:54
41,Chuy,UY,-33.6971,-53.4616,59.76,74,100,12.86,overcast clouds,09-18-2022 12:20:55
42,Puerto Ayora,EC,-0.7393,-90.3518,66.54,91,66,7.0,broken clouds,09-18-2022 12:20:55
43,Cayenne,GF,4.9333,-52.3333,84.24,74,20,3.44,few clouds,09-18-2022 12:20:55
44,Bluff,NZ,-46.6,168.3333,46.8,84,99,8.88,overcast clouds,09-18-2022 12:20:56
45,Bud,US,39.447,-86.1758,64.9,90,2,6.35,clear sky,09-18-2022 12:20:56
46,Ushuaia,AR,-54.8,-68.3,37.06,75,0,8.05,clear sky,09-18-2022 12:20:57
47,Castro,BR,-24.7911,-50.0119,54.5,74,3,13.0,clear sky,09-18-2022 12:20:57
48,Dikson,RU,73.5069,80.5464,32.52,78,16,20.22,few clouds,09-18-2022 12:20:57
49,Tuatapere,NZ,-46.1333,167.6833,48.16,85,100,5.53,light rain,09-18-2022 12:20:58
50,Portland,US,45.5234,-122.6762,59.97,82,0,5.75,clear sky,09-18-2022 12:20:58
51,College,US,64.8569,-147.8028,47.28,86,100,9.22,overcast clouds,09-18-2022 12:20:58
52,Dingle,PH,10.9995,122.6711,77.74,86,97,6.35,overcast clouds,09-18-2022 12:20:59
53,Torbay,CA,47.6666,-52.7314,59.58,73,40,20.71,scattered clouds,09-18-2022 12:17:57
54,Arrecife,ES,28.963,-13.5477,82.38,54,40,11.5,scattered clouds,09-18-2022 12:20:59
55,Santa Helena,BR,-2.2311,-45.3,84.87,61,33,6.55,scattered clouds,09-18-2022 12:21:00
56,High Rock,BS,26.6208,-78.2833,73.42,69,97,12.57,overcast clouds,09-18-2022 12:21:00
57,Albany,US,42.6001,-73.9662,65.26,93,41,2.73,scattered clouds,09-18-2022 12:19:08
58,San Vicente,AR,-26.6167,-54.1333,59.58,48,17,7.27,few clouds,09-18-2022 12:21:01
59,Tuktoyaktuk,CA,69.4541,-133.0374,43.25,82,31,15.99,scattered clouds,09-18-2022 12:21:01
60,Adeje,ES,28.1227,-16.726,76.3,81,40,8.05,scattered clouds,09-18-2022 12:21:02
61,Kondoa,TZ,-4.9,35.7833,86.02,22,99,4.25,overcast clouds,09-18-2022 12:21:02
62,Mogadishu,SO,2.0371,45.3438,80.19,75,60,19.71,broken clouds,09-18-2022 12:21:02
63,Anadyr,RU,64.75,177.4833,36.1,93,0,6.71,clear sky,09-18-2022 12:21:03
64,Iringa,TZ,-7.7667,35.7,81.73,23,96,8.41,overcast clouds,09-18-2022 12:21:03
65,Khatanga,RU,71.9667,102.5,27.88,78,13,8.84,few clouds,09-18-2022 12:21:04
66,Antofagasta,CL,-23.65,-70.4,56.48,68,16,5.73,few clouds,09-18-2022 12:16:08
67,Clyde River,CA,70.4692,-68.5914,32.23,100,100,4.61,overcast clouds,09-18-2022 12:21:04
68,Coihaique,CL,-45.5752,-72.0662,36.21,75,75,3.44,broken clouds,09-18-2022 12:21:05
69,Vao,NC,-22.6667,167.4833,72.77,81,32,16.71,scattered clouds,09-18-2022 12:21:05
70,Hay River,CA,60.8156,-115.7999,40.98,93,40,6.91,scattered clouds,09-18-2022 12:21:05
71,Ulladulla,AU,-35.35,150.4667,55.44,60,7,13.49,clear sky,09-18-2022 12:21:06
72,Kirishi,RU,59.4471,32.0205,57.52,68,89,7.58,overcast clouds,09-18-2022 12:21:06
73,Porto Belo,BR,-27.1578,-48.5531,65.16,75,78,9.1,broken clouds,09-18-2022 12:21:07
74,Peremyshl,RU,54.2631,36.1606,54.16,95,100,10.89,overcast clouds,09-18-2022 12:21:07
75,Erzurum,TR,40.0,41.5,85.68,12,1,5.59,clear sky,09-18-2022 12:21:08
76,Iralaya,HN,15.0,-83.2333,79.45,83,67,4.41,broken clouds,09-18-2022 12:21:08
77,Galesong,ID,-5.3166,119.3661,80.62,73,63,10.2,broken clouds,09-18-2022 12:21:08
78,Rapallo,IT,44.3511,9.2297,76.48,51,1,5.99,clear sky,09-18-2022 12:21:09
79,Madison,US,34.7334,-86.5667,66.94,85,40,0.0,scattered clouds,09-18-2022 12:20:18
80,Iskateley,RU,67.6803,53.1512,53.46,77,100,6.49,overcast clouds,09-18-2022 12:21:09
81,Kodiak,US,57.79,-152.4072,51.31,71,0,4.61,clear sky,09-18-2022 12:21:10
82,Namanyere,TZ,-7.5167,31.05,82.98,27,70,5.23,broken clouds,09-18-2022 12:21:10
83,Sao Filipe,CV,14.8961,-24.4956,77.67,77,92,6.6,overcast clouds,09-18-2022 12:21:11
84,Vega De Alatorre,MX,20.0333,-96.6333,75.4,87,33,4.85,scattered clouds,09-18-2022 12:21:11
85,Hambantota,LK,6.1241,81.1185,83.3,70,100,20.62,overcast clouds,09-18-2022 12:21:11
86,Upernavik,GL,72.7868,-56.1549,37.31,72,100,11.32,overcast clouds,09-18-2022 12:21:12
87,Kruisfontein,ZA,-34.0033,24.7314,59.88,90,100,11.52,light rain,09-18-2022 12:21:12
88,Ban Dung,TH,17.699,103.2596,83.1,99,68,5.91,broken clouds,09-18-2022 12:21:12
89,Butaritari,KI,3.0707,172.7902,82.0,76,5,13.71,clear sky,09-18-2022 12:21:13
90,Tiksi,RU,71.6872,128.8694,33.01,72,95,3.15,overcast clouds,09-18-2022 12:21:13
91,Broome,US,42.2506,-75.833,64.04,89,20,5.75,few clouds,09-18-2022 12:21:14
92,Avarua,CK,-21.2078,-159.775,71.65,88,20,4.61,few clouds,09-18-2022 12:21:14
93,Saint-Philippe,RE,-21.3585,55.7679,78.39,78,9,14.41,light rain,09-18-2022 12:21:15
94,Santa Maria,BR,-29.6842,-53.8069,61.9,55,0,10.36,clear sky,09-18-2022 12:21:15
95,Atar,MR,20.5169,-13.0499,89.65,19,82,11.5,broken clouds,09-18-2022 12:21:15
96,Cabo San Lucas,MX,22.8909,-109.9124,83.52,70,0,3.44,clear sky,09-18-2022 12:21:16
97,Tigil,RU,57.8,158.6667,36.5,81,3,5.95,clear sky,09-18-2022 12:21:16
98,Vaini,TO,-21.2,-175.2,73.56,83,75,6.91,broken clouds,09-18-2022 12:21:17
99,Ouadda,CF,8.0777,22.4007,76.05,86,96,3.51,moderate rain,09-18-2022 12:21:17
100,Ca Mau,VN,9.1769,105.15,78.85,85,69,4.74,light rain,09-18-2022 12:21:17
101,Provideniya,RU,64.3833,-173.3,43.09,91,100,6.69,overcast clouds,09-18-2022 12:21:18
102,Laguna,US,38.421,-121.4238,63.05,79,0,5.75,clear sky,09-18-2022 12:21:18
103,Beloha,MG,-25.1667,45.05,91.63,21,3,4.65,clear sky,09-18-2022 12:21:18
104,Dalianwan,CN,39.0286,121.695,69.84,37,0,8.95,clear sky,09-18-2022 12:21:19
105,Batemans Bay,AU,-35.7167,150.1833,54.54,58,5,8.39,clear sky,09-18-2022 12:21:19
106,Russkaya Polyana,UA,49.417,31.9201,63.9,83,97,17.58,light rain,09-18-2022 12:21:20
107,Jamestown,US,42.097,-79.2353,68.52,73,0,6.91,clear sky,09-18-2022 12:18:12
108,Zdvinsk,RU,54.7021,78.661,58.46,46,19,3.91,few clouds,09-18-2022 12:21:20
109,Ossora,RU,59.2353,163.0719,39.38,67,0,7.96,clear sky,09-18-2022 12:21:20
110,Ouesso,CG,1.6136,16.0517,79.65,76,97,4.61,light rain,09-18-2022 12:21:21
111,Bhuj,IN,23.2667,69.6667,86.81,54,14,14.32,few clouds,09-18-2022 12:21:21
112,Okhotsk,RU,59.3833,143.3,46.81,68,100,12.1,overcast clouds,09-18-2022 12:21:22
113,Hermanus,ZA,-34.4187,19.2345,59.81,68,62,16.44,light rain,09-18-2022 12:21:22
114,Cape Town,ZA,-33.9258,18.4232,63.1,55,20,19.57,few clouds,09-18-2022 12:17:33
115,Zhoucheng,CN,35.9122,116.3117,73.38,62,54,9.93,broken clouds,09-18-2022 12:21:23
116,Byron Bay,AU,-28.65,153.6167,62.56,56,63,7.7,broken clouds,09-18-2022 12:21:23
117,Makakilo City,US,21.3469,-158.0858,77.02,82,0,4.61,light intensity drizzle,09-18-2022 12:21:24
118,Asau,RO,46.4333,26.4,63.52,77,97,20.09,overcast clouds,09-18-2022 12:21:24
119,Teguldet,RU,57.3064,88.1667,52.84,63,73,0.56,broken clouds,09-18-2022 12:21:25
120,Aklavik,CA,68.2191,-135.0107,43.97,74,87,5.01,overcast clouds,09-18-2022 12:21:25
121,Chunskiy,RU,56.0815,99.6342,50.9,61,87,2.77,overcast clouds,09-18-2022 12:21:25
122,Dunedin,NZ,-45.8742,170.5036,48.79,87,95,1.99,overcast clouds,09-18-2022 12:21:26
123,Namibe,AO,-15.1961,12.1522,72.05,70,56,12.44,broken clouds,09-18-2022 12:21:26
124,Half Moon Bay,US,37.4636,-122.4286,64.18,81,40,19.57,scattered clouds,09-18-2022 12:21:26
125,Vilyuysk,RU,63.7553,121.6247,34.03,97,99,10.27,light snow,09-18-2022 12:21:27
126,Margate,GB,51.3813,1.3862,63.9,58,99,7.0,overcast clouds,09-18-2022 12:21:27
127,Beringovskiy,RU,63.05,179.3167,41.85,74,97,5.99,overcast clouds,09-18-2022 12:21:28
128,The Valley,AI,18.217,-63.0578,82.09,79,100,22.93,overcast clouds,09-18-2022 12:21:28
129,Bakreswar,IN,23.8833,87.3667,86.02,73,69,5.39,broken clouds,09-18-2022 12:21:29
130,Talnakh,RU,69.4865,88.3972,36.1,100,100,6.53,light rain,09-18-2022 12:21:29
131,Kisanga,TZ,-7.4362,37.7034,90.84,27,54,6.89,broken clouds,09-18-2022 12:21:29
132,Bethel,US,41.3712,-73.414,66.54,90,40,8.05,scattered clouds,09-18-2022 12:19:08
133,Kapaa,US,22.0752,-159.319,77.32,85,20,10.36,few clouds,09-18-2022 12:21:30
134,Bilibino,RU,68.0546,166.4372,28.9,85,99,2.26,overcast clouds,09-18-2022 12:21:30
135,Sao Joao Da Barra,BR,-21.6403,-41.0511,69.89,67,2,11.18,clear sky,09-18-2022 12:19:56
136,Kapoeta,SS,4.7717,33.5903,92.55,28,3,14.32,clear sky,09-18-2022 12:21:31
137,Taltal,CL,-25.4,-70.4833,58.84,63,0,3.87,clear sky,09-18-2022 12:21:31
138,Vila Velha,BR,-20.3297,-40.2925,69.75,69,75,14.0,broken clouds,09-18-2022 12:21:31
139,Mehamn,NO,71.0357,27.8492,46.31,93,100,18.41,overcast clouds,09-18-2022 12:21:32
140,Talcahuano,CL,-36.7167,-73.1167,35.28,100,0,5.75,clear sky,09-18-2022 12:21:32
141,Caravelas,BR,-17.7125,-39.2481,69.06,80,100,7.74,overcast clouds,09-18-2022 12:21:33
142,Saint-Georges,GD,12.0564,-61.7485,85.68,79,20,20.71,few clouds,09-18-2022 12:17:14
143,Clearlake,US,38.9582,-122.6264,54.57,69,100,7.47,overcast clouds,09-18-2022 12:21:33
144,New Norfolk,AU,-42.7826,147.0587,51.3,79,99,1.99,light rain,09-18-2022 12:21:34
145,Hokitika,NZ,-42.7167,170.9667,50.04,79,100,7.94,moderate rain,09-18-2022 12:21:34
146,Fallon,US,39.4735,-118.7774,58.91,29,100,3.83,overcast clouds,09-18-2022 12:20:30
147,Murray,US,40.6669,-111.888,64.11,65,0,12.66,clear sky,09-18-2022 12:21:35
148,Cumbum,IN,9.7333,77.3,81.7,68,100,5.88,overcast clouds,09-18-2022 12:21:35
149,Te Anau,NZ,-45.4167,167.7167,41.4,93,100,2.59,moderate rain,09-18-2022 12:21:36
150,Tasiilaq,GL,65.6145,-37.6368,42.96,95,100,16.8,moderate rain,09-18-2022 12:21:36
151,Bambanglipuro,ID,-7.95,110.2833,77.18,81,55,6.42,broken clouds,09-18-2022 12:21:37
152,Malya,TZ,-2.9833,33.5167,85.05,28,73,4.99,broken clouds,09-18-2022 12:21:37
153,Puerto Penasco,MX,31.3167,-113.5333,83.37,53,0,10.16,clear sky,09-18-2022 12:21:38
154,Seminole,US,28.7086,-81.2081,75.29,94,40,0.0,scattered clouds,09-18-2022 12:21:38
155,Marzuq,YE,14.4,46.4667,91.6,24,50,12.62,scattered clouds,09-18-2022 12:21:38
156,Maceio,BR,-9.6658,-35.7353,78.24,78,75,6.91,broken clouds,09-18-2022 12:21:39
157,Acapulco,MX,16.8634,-99.8901,75.02,94,100,2.3,overcast clouds,09-18-2022 12:21:39
158,Quelimane,MZ,-17.8786,36.8883,87.75,42,0,16.11,clear sky,09-18-2022 12:21:40
159,Kamenka,RU,51.3223,42.7678,79.59,49,97,21.52,overcast clouds,09-18-2022 12:21:40
160,Sukumo,JP,32.9333,132.7333,79.14,97,100,27.11,heavy intensity rain,09-18-2022 12:21:40
161,Sakakah,SA,29.9697,40.2064,107.17,9,0,6.08,clear sky,09-18-2022 12:21:41
162,Lerwick,GB,60.1545,-1.1494,51.8,66,23,16.64,few clouds,09-18-2022 12:21:41
163,Acajutla,SV,13.5928,-89.8275,77.34,83,99,4.14,overcast clouds,09-18-2022 12:21:41
164,Katherine,AU,-14.4667,132.2667,91.72,38,75,0.0,broken clouds,09-18-2022 12:21:42
165,Arraial Do Cabo,BR,-22.9661,-42.0278,67.96,77,40,8.05,scattered clouds,09-18-2022 12:21:42
166,Hithadhoo,MV,-0.6,73.0833,82.63,71,46,7.61,scattered clouds,09-18-2022 12:21:43
167,Green River,US,41.5286,-109.4662,46.8,59,24,3.04,few clouds,09-18-2022 12:21:43
168,Zyryanka,RU,65.75,150.85,39.29,53,12,7.49,few clouds,09-18-2022 12:21:43
169,Nanortalik,GL,60.1432,-45.2371,46.09,75,73,7.49,broken clouds,09-18-2022 12:21:44
170,Kavaratti,IN,10.5669,72.642,81.77,76,93,12.93,overcast clouds,09-18-2022 12:21:44
171,Houma,US,29.5958,-90.7195,75.99,96,0,4.61,clear sky,09-18-2022 12:21:44
172,Nikolskoye,RU,59.7035,30.7861,57.78,72,96,5.55,overcast clouds,09-18-2022 12:21:45
173,Santa Rosa,PH,14.3122,121.1114,83.1,82,84,8.84,broken clouds,09-18-2022 12:20:06
174,Pacific Grove,US,36.6177,-121.9166,61.66,76,20,10.0,few clouds,09-18-2022 12:18:29
175,Khalki,GR,39.5667,22.5333,88.79,25,20,8.05,few clouds,09-18-2022 12:21:46
176,Codrington,AU,-38.2667,141.9667,47.44,73,54,17.78,broken clouds,09-18-2022 12:21:46
177,Kavieng,PG,-2.5744,150.7967,82.31,72,34,7.09,scattered clouds,09-18-2022 12:21:46
178,Mariental,NA,-24.6333,17.9667,86.74,8,0,18.59,clear sky,09-18-2022 12:21:47
179,Port Hardy,CA,50.6996,-127.4199,48.2,93,0,2.3,clear sky,09-18-2022 12:21:47
180,Dmitriyevka,RU,54.75,55.3333,62.15,75,100,8.75,overcast clouds,09-18-2022 12:21:10
181,Jaworzno,PL,50.2053,19.275,53.8,95,100,12.59,light rain,09-18-2022 12:21:48
182,Lorengau,PG,-2.0226,147.2712,82.09,75,45,6.67,scattered clouds,09-18-2022 12:21:48
183,Grand Gaube,MU,-20.0064,57.6608,73.8,74,18,7.0,few clouds,09-18-2022 12:21:48
184,Amahai,ID,-3.3333,128.9167,78.73,85,87,3.65,overcast clouds,09-18-2022 12:21:49
185,Bambous Virieux,MU,-20.3428,57.7575,73.65,64,75,16.11,light rain,09-18-2022 12:21:49
186,Asilah,MA,35.465,-6.0348,85.96,64,80,9.17,broken clouds,09-18-2022 12:21:49
187,Port Blair,IN,11.6667,92.75,82.44,78,75,11.5,mist,09-18-2022 12:21:50
188,Chapais,CA,49.7834,-74.8492,42.58,66,94,6.31,overcast clouds,09-18-2022 12:21:50
189,Saldanha,ZA,-33.0117,17.9442,64.45,53,3,13.06,clear sky,09-18-2022 12:21:51
190,Yulara,AU,-25.2406,130.9889,71.64,19,0,5.59,clear sky,09-18-2022 12:21:51
191,Eyl,SO,7.9803,49.8164,93.24,43,0,21.79,clear sky,09-18-2022 12:21:52
192,Darhan,MN,49.4867,105.9228,45.57,54,43,2.46,scattered clouds,09-18-2022 12:21:52
193,Severo-Kurilsk,RU,50.6789,156.125,48.74,73,98,8.68,overcast clouds,09-18-2022 12:21:53
194,Bengkulu,ID,-3.8004,102.2655,76.77,87,99,5.21,overcast clouds,09-18-2022 12:21:53
195,Cap Malheureux,MU,-19.9842,57.6142,69.48,74,17,7.0,few clouds,09-18-2022 12:21:53
196,Davidson,US,36.1501,-86.7833,64.92,87,40,0.0,scattered clouds,09-18-2022 12:21:54
197,Longyearbyen,SJ,78.2186,15.6401,31.84,74,75,8.05,broken clouds,09-18-2022 12:21:54
198,Gornopravdinsk,RU,60.05,69.9,52.75,91,100,9.57,overcast clouds,09-18-2022 12:21:55
199,Manaus,BR,-3.1019,-60.025,81.09,83,40,6.91,scattered clouds,09-18-2022 12:21:55
200,Samarai,PG,-10.6167,150.6667,81.9,81,62,11.83,broken clouds,09-18-2022 12:21:55
201,Port Hawkesbury,CA,45.6169,-61.3485,57.96,81,100,11.5,overcast clouds,09-18-2022 12:21:56
202,Pimentel,PE,-6.8367,-79.9342,59.29,94,100,12.66,mist,09-18-2022 12:21:56
203,Manokwari,ID,-0.8667,134.0833,79.57,77,99,1.45,overcast clouds,09-18-2022 12:21:56
204,Balikpapan,ID,-1.2675,116.8289,83.39,79,20,2.3,few clouds,09-18-2022 12:21:57
205,Ponta Do Sol,PT,32.6667,-17.1,79.72,86,14,4.41,light rain,09-18-2022 12:21:57
206,Qui Nhon,VN,13.7667,109.2333,81.99,77,65,2.21,broken clouds,09-18-2022 12:17:18
207,Raha,IN,26.2333,92.5167,85.12,76,83,3.42,broken clouds,09-18-2022 12:21:58
208,Star,US,43.6921,-116.4935,61.18,68,20,9.22,few clouds,09-18-2022 12:21:58
209,Ostrovnoy,RU,68.0531,39.5131,48.11,98,100,10.76,light rain,09-18-2022 12:21:08
210,Ringe,DK,55.2451,10.4706,58.15,60,80,12.41,broken clouds,09-18-2022 12:21:59
211,Majene,ID,-3.5403,118.9707,80.24,83,85,1.12,overcast clouds,09-18-2022 12:21:59
212,Lebu,CL,-37.6167,-73.65,43.32,67,7,3.71,clear sky,09-18-2022 12:22:00
213,Los Llanos De Aridane,ES,28.6585,-17.9182,75.13,79,75,10.0,broken clouds,09-18-2022 12:22:00
214,Nome,US,64.5011,-165.4064,46.47,87,100,33.38,overcast clouds,09-18-2022 12:20:27
215,Mahibadhoo,MV,3.7833,72.9667,82.27,69,89,7.72,overcast clouds,09-18-2022 12:22:01
216,Brae,GB,60.3964,-1.353,51.46,68,35,15.73,scattered clouds,09-18-2022 12:22:01
217,Lagoa,PT,39.05,-27.9833,73.18,87,40,7.54,scattered clouds,09-18-2022 12:22:01
218,Sitka,US,57.0531,-135.33,55.29,88,100,4.61,light rain,09-18-2022 12:20:21
219,Victor Harbor,AU,-35.5667,138.6167,51.01,88,74,10.2,broken clouds,09-18-2022 12:22:02
220,Victoria,HK,22.2855,114.1577,86.04,78,85,15.99,overcast clouds,09-18-2022 12:18:06
221,Malavalli,IN,12.3833,77.0833,76.86,72,86,6.93,overcast clouds,09-18-2022 12:20:12
222,Alofi,NU,-19.0595,-169.9187,73.29,94,6,6.91,clear sky,09-18-2022 12:22:03
223,Tsimlyansk,RU,47.6461,42.1019,89.98,31,24,15.12,few clouds,09-18-2022 12:22:03
224,Swan Hill,AU,-35.3378,143.5544,47.8,93,46,11.56,scattered clouds,09-18-2022 12:22:04
225,Kasongo-Lunda,CD,-6.4667,16.8167,85.69,50,100,3.27,overcast clouds,09-18-2022 12:22:04
226,Luderitz,NA,-26.6481,15.1594,63.14,61,0,28.41,clear sky,09-18-2022 12:22:04
227,Okakarara,NA,-20.5833,17.4333,92.23,11,1,4.45,clear sky,09-18-2022 12:22:05
228,Georgetown,MY,5.4112,100.3354,83.89,78,20,4.61,moderate rain,09-18-2022 12:22:05
229,Balykshi,KZ,47.0667,51.8667,86.0,25,0,20.13,clear sky,09-18-2022 12:22:06
230,San Felipe,VE,10.3399,-68.7425,77.97,79,96,4.27,overcast clouds,09-18-2022 12:22:06
231,Shahrud,IR,36.4182,54.9763,81.9,22,0,7.76,clear sky,09-18-2022 12:22:06
232,San Patricio,US,28.017,-97.5169,84.83,80,1,5.1,clear sky,09-18-2022 12:22:07
233,Ibanda,TZ,-2.7974,32.4746,80.8,43,66,8.03,broken clouds,09-18-2022 12:22:07
234,Carnarvon,AU,-24.8667,113.6333,66.87,68,0,21.65,clear sky,09-18-2022 12:22:08
235,Meulaboh,ID,4.1363,96.1285,79.14,76,99,5.64,overcast clouds,09-18-2022 12:22:08
236,Chandbali,IN,20.7833,86.7667,84.61,76,95,5.77,overcast clouds,09-18-2022 12:22:08
237,Saint George,US,37.1041,-113.5841,69.94,49,0,12.66,clear sky,09-18-2022 12:19:51
238,Moron,AR,-34.6534,-58.6198,66.02,82,100,9.51,overcast clouds,09-18-2022 12:18:59
239,Asfi,MA,32.2994,-9.2372,72.45,75,20,10.47,few clouds,09-18-2022 12:22:09
240,Bathsheba,BB,13.2167,-59.5167,83.01,83,20,16.11,few clouds,09-18-2022 12:22:10
241,Kahului,US,20.8947,-156.47,79.84,73,0,10.0,clear sky,09-18-2022 12:22:10
242,Lompoc,US,34.6391,-120.4579,57.02,93,75,10.36,broken clouds,09-18-2022 12:22:10
243,Rio Grande,BR,-32.035,-52.0986,64.51,77,100,17.38,overcast clouds,09-18-2022 12:22:11
244,Sinnamary,GF,5.3833,-52.95,82.53,73,39,10.65,scattered clouds,09-18-2022 12:22:11
245,Puerto Madryn,AR,-42.7692,-65.0385,45.93,58,100,18.79,overcast clouds,09-18-2022 12:21:49
246,Mawlaik,MM,23.6333,94.4167,80.44,90,29,1.72,scattered clouds,09-18-2022 12:22:12
247,Mto Wa Mbu,TZ,-3.35,35.85,83.7,37,81,3.6,broken clouds,09-18-2022 12:22:12
248,Port Elizabeth,ZA,-33.918,25.5701,62.1,87,75,11.5,broken clouds,09-18-2022 12:22:12
249,Vila Franca Do Campo,PT,37.7167,-25.4333,80.2,80,94,3.83,overcast clouds,09-18-2022 12:22:13
250,Zhigansk,RU,66.7697,123.3711,34.25,98,99,12.95,light snow,09-18-2022 12:22:13
251,La Cruz,MX,23.9167,-106.9,77.99,94,81,10.31,broken clouds,09-18-2022 12:22:14
252,Itarema,BR,-2.9248,-39.9167,84.7,61,67,15.66,broken clouds,09-18-2022 12:22:14
253,Srednekolymsk,RU,67.45,153.6833,35.22,66,1,8.3,clear sky,09-18-2022 12:22:14
254,Saint-Augustin,CA,51.226,-58.6502,45.05,56,16,19.64,few clouds,09-18-2022 12:22:15
255,Port Lincoln,AU,-34.7333,135.8667,50.7,69,74,4.97,broken clouds,09-18-2022 12:22:15
256,Calamar,CO,10.2511,-74.9146,76.89,91,95,3.62,overcast clouds,09-18-2022 12:22:16
257,Buraydah,SA,26.326,43.975,108.05,7,0,4.85,clear sky,09-18-2022 12:22:16
258,Northam,GB,51.0333,-4.2167,60.39,63,19,8.77,few clouds,09-18-2022 12:22:17
259,Norman Wells,CA,65.282,-126.8329,41.04,93,75,2.3,broken clouds,09-18-2022 12:22:17
260,Lakshmeshwar,IN,15.1333,75.4667,78.93,68,81,13.89,broken clouds,09-18-2022 12:22:17
261,Benalla,AU,-36.55,145.9833,51.55,97,100,6.73,overcast clouds,09-18-2022 12:22:18
262,Lagos,NG,6.5833,3.75,82.11,73,74,9.15,light rain,09-18-2022 12:22:18
263,Glamoc,BA,44.0458,16.8486,53.6,37,0,3.74,clear sky,09-18-2022 12:22:19
264,Bubaque,GW,11.2833,-15.8333,79.05,79,100,3.11,moderate rain,09-18-2022 12:22:19
265,Vossevangen,NO,60.623,6.4229,54.79,66,95,6.67,overcast clouds,09-18-2022 12:22:19
266,Moose Factory,CA,51.2585,-80.6094,44.6,87,0,10.36,clear sky,09-18-2022 12:22:20
267,El Alto,PE,-4.2714,-81.2147,60.46,83,41,6.58,scattered clouds,09-18-2022 12:22:20
268,Taunggyi,MM,20.7833,97.0333,65.62,95,65,4.43,broken clouds,09-18-2022 12:22:21
269,Corrente,BR,-3.7367,-43.3394,85.64,52,18,6.67,few clouds,09-18-2022 12:22:21
270,Port-Gentil,GA,-0.7193,8.7815,82.36,69,40,17.27,scattered clouds,09-18-2022 12:22:21
271,Iraquara,BR,-12.2486,-41.6194,71.31,65,98,11.59,overcast clouds,09-18-2022 12:22:22
272,Joshimath,IN,30.5667,79.5667,70.72,85,75,3.4,broken clouds,09-18-2022 12:22:22
273,Utica,US,43.1009,-75.2327,66.72,88,79,1.01,broken clouds,09-18-2022 12:22:23
274,Ormara,PK,25.2088,64.6357,81.61,77,44,11.59,scattered clouds,09-18-2022 12:22:23
275,Bonthe,SL,7.5264,-12.505,74.43,94,100,9.37,heavy intensity rain,09-18-2022 12:22:23
276,Pitimbu,BR,-7.4706,-34.8086,81.19,71,47,14.2,scattered clouds,09-18-2022 12:22:24
277,La Seyne-Sur-Mer,FR,43.0982,5.8847,76.95,60,78,5.99,broken clouds,09-18-2022 12:22:24
278,Luganville,VU,-15.5333,167.1667,78.75,85,66,14.36,light rain,09-18-2022 12:22:25
279,Morehead,US,37.2711,-87.1764,63.99,97,0,0.0,clear sky,09-18-2022 12:22:25
280,Gamba,GA,-2.65,10.0,79.36,69,91,8.57,overcast clouds,09-18-2022 12:22:25
281,Broken Hill,AU,-31.95,141.4333,54.64,52,5,6.71,clear sky,09-18-2022 12:22:26
282,Aykhal,RU,66.0,111.5,24.94,78,79,4.36,broken clouds,09-18-2022 12:22:26
283,Najran,SA,17.4924,44.1277,99.25,13,66,13.87,broken clouds,09-18-2022 12:22:27
284,Copiapo,CL,-27.3667,-70.3333,49.69,62,0,0.76,clear sky,09-18-2022 12:19:27
285,Pauini,BR,-7.7136,-66.9764,82.04,59,54,3.69,broken clouds,09-18-2022 12:22:27
286,Cidreira,BR,-30.1811,-50.2056,62.51,69,86,14.41,overcast clouds,09-18-2022 12:22:28
287,Puerto Escondido,MX,15.85,-97.0667,74.23,68,75,3.44,broken clouds,09-18-2022 12:22:28
288,Reconquista,AR,-29.15,-59.65,65.7,62,100,9.91,overcast clouds,09-18-2022 12:22:28
289,Motygino,RU,58.1831,94.7592,49.05,74,85,3.04,overcast clouds,09-18-2022 12:22:29
290,Oeiras Do Para,BR,-2.0031,-49.8544,84.2,63,29,6.24,scattered clouds,09-18-2022 12:22:29
291,Raudeberg,NO,61.9875,5.1352,52.47,71,88,24.47,overcast clouds,09-18-2022 12:22:30
292,Luwuk,ID,-0.9516,122.7875,77.85,88,28,3.51,scattered clouds,09-18-2022 12:22:30
293,Olafsvik,IS,64.8945,-23.7142,50.13,77,75,15.43,broken clouds,09-18-2022 12:22:30
294,Okitipupa,NG,6.5047,4.7839,80.51,79,95,6.08,light rain,09-18-2022 12:22:31
295,Bend,US,44.0582,-121.3153,48.06,89,100,3.0,overcast clouds,09-18-2022 12:22:31
296,Porto De Moz,BR,-1.7483,-52.2383,83.86,63,18,6.42,few clouds,09-18-2022 12:22:32
297,Sosnovoborsk,RU,56.1325,93.3589,49.91,63,9,4.54,clear sky,09-18-2022 12:22:32
298,Prince Albert,CA,53.2001,-105.7677,46.35,87,75,2.3,broken clouds,09-18-2022 12:22:32
299,Porto Novo,BJ,6.4965,2.6036,81.63,74,91,10.71,light rain,09-18-2022 12:22:33
300,Benito Juarez,MX,19.385,-99.165,60.94,92,100,3.44,overcast clouds,09-18-2022 12:22:33
301,Mocajuba,BR,-2.5842,-49.5072,83.8,64,37,5.32,scattered clouds,09-18-2022 12:22:00
302,Kanye,BW,-24.9667,25.3327,86.79,10,0,14.43,clear sky,09-18-2022 12:22:34
303,Cherskiy,RU,68.75,161.3,32.31,69,96,9.08,overcast clouds,09-18-2022 12:22:34
304,Baoqing,CN,46.3317,132.2111,55.78,64,0,12.06,clear sky,09-18-2022 12:22:35
305,Tucano,BR,-10.9631,-38.7867,80.42,50,40,9.4,scattered clouds,09-18-2022 12:22:35
306,Awbari,LY,26.5921,12.7805,100.8,7,0,10.02,clear sky,09-18-2022 12:19:33
307,Karratha,AU,-20.7377,116.8463,74.61,51,2,13.27,clear sky,09-18-2022 12:22:36
308,Butterworth,MY,5.3991,100.3638,84.0,78,20,4.61,light rain,09-18-2022 12:22:36
309,Lavrentiya,RU,65.5833,-171.0,38.55,94,100,15.82,overcast clouds,09-18-2022 12:22:36
310,Imbituba,BR,-28.24,-48.6703,62.85,75,88,6.89,overcast clouds,09-18-2022 12:22:37
311,Ustek,CZ,50.5847,14.3433,56.89,45,55,16.35,light rain,09-18-2022 12:22:37
312,Trogir,HR,43.5125,16.2517,73.45,25,20,9.22,few clouds,09-18-2022 12:22:38
313,San Francisco De Macoris,DO,19.2952,-70.2554,77.41,85,86,4.14,overcast clouds,09-18-2022 12:22:38
314,Kibre Mengist,ET,5.8833,38.9833,80.78,34,43,5.7,scattered clouds,09-18-2022 12:22:38
315,Panguna,PG,-6.3164,155.4848,68.7,97,77,3.11,light rain,09-18-2022 12:22:39
316,Saint-Pierre,RE,-21.3393,55.4781,78.48,61,100,10.36,overcast clouds,09-18-2022 12:22:39
317,Grand-Lahou,CI,5.1367,-5.0242,81.39,69,78,9.66,broken clouds,09-18-2022 12:22:39
318,Sisimiut,GL,66.9395,-53.6735,42.1,92,100,12.73,overcast clouds,09-18-2022 12:22:40
319,Haines Junction,CA,60.7522,-137.5108,33.75,93,100,0.0,overcast clouds,09-18-2022 12:22:40
320,Sosnovo-Ozerskoye,RU,52.5249,111.5418,37.49,58,43,8.12,scattered clouds,09-18-2022 12:22:41
321,San Cristobal,VE,7.7669,-72.225,66.38,81,99,2.68,overcast clouds,09-18-2022 12:20:14
322,Batagay,RU,67.6333,134.6333,37.09,73,100,4.52,overcast clouds,09-18-2022 12:22:41
323,Bam,IR,29.106,58.357,93.45,9,2,12.1,clear sky,09-18-2022 12:22:41
324,Stockach,DE,47.85,9.0167,60.75,53,88,8.23,overcast clouds,09-18-2022 12:22:42
325,Hargeysa,SO,9.56,44.065,90.27,21,22,7.23,few clouds,09-18-2022 12:22:42
326,Leshukonskoye,RU,64.8989,45.7622,51.21,88,94,6.33,overcast clouds,09-18-2022 12:22:43
327,Rabat,MA,33.9911,-6.8401,80.04,77,40,8.05,scattered clouds,09-18-2022 12:22:43
328,San Quintin,MX,30.4833,-115.95,65.89,81,67,7.72,broken clouds,09-18-2022 12:22:43
329,Shingu,JP,33.7333,135.9833,80.19,93,100,16.75,overcast clouds,09-18-2022 12:22:44
330,Borazjan,IR,29.2666,51.2159,101.34,17,0,11.12,clear sky,09-18-2022 12:22:44
331,Tevriz,RU,57.509,72.4042,60.12,46,96,10.04,overcast clouds,09-18-2022 12:22:45
332,Novopskov,UA,49.5464,39.0899,85.01,39,75,18.92,broken clouds,09-18-2022 12:22:45
333,Rudbar,AF,30.15,62.6,97.25,9,0,17.09,clear sky,09-18-2022 12:22:45
334,Zheleznogorsk-Ilimskiy,RU,56.5768,104.1217,42.67,76,44,1.83,scattered clouds,09-18-2022 12:22:46
335,Harare,ZW,-17.8294,31.0539,79.83,29,9,4.59,clear sky,09-18-2022 12:20:38
336,Port Lavaca,US,28.615,-96.6261,77.05,92,0,0.0,clear sky,09-18-2022 12:22:46
337,Arica,CL,-18.475,-70.3042,59.23,77,100,5.75,overcast clouds,09-18-2022 12:22:47
338,Pangoa,PE,-12.1167,-73.0,72.37,75,29,1.39,scattered clouds,09-18-2022 12:22:47
339,Kindu,CD,-2.95,25.95,72.32,94,100,3.18,light rain,09-18-2022 12:22:47
340,Umba,RU,66.6871,34.3429,51.69,83,100,8.41,overcast clouds,09-18-2022 12:22:48
341,Ayan,RU,56.45,138.1667,48.13,97,100,9.4,moderate rain,09-18-2022 12:22:48
342,Constitucion,CL,-35.3333,-72.4167,44.82,77,22,8.01,few clouds,09-18-2022 12:22:49
343,Nouadhibou,MR,20.931,-17.0347,82.38,57,0,16.11,clear sky,09-18-2022 12:22:49
344,Mundo Nuevo,MX,18.7,-95.5,75.42,95,96,8.14,overcast clouds,09-18-2022 12:22:49
345,Ust-Maya,RU,60.4167,134.5333,39.88,95,100,4.38,light rain,09-18-2022 12:22:50
346,Pointe-Noire,CG,-4.7761,11.8635,79.54,71,89,10.16,overcast clouds,09-18-2022 12:22:50
347,Katsuura,JP,35.1333,140.3,79.74,91,100,18.75,overcast clouds,09-18-2022 12:22:51
348,Touros,BR,-5.1989,-35.4608,81.34,70,42,13.29,scattered clouds,09-18-2022 12:22:51
349,Itoman,JP,26.1247,127.6694,82.42,85,75,24.16,broken clouds,09-18-2022 12:22:52
350,Trelew,AR,-43.249,-65.3051,46.17,57,95,15.5,overcast clouds,09-18-2022 12:22:52
351,Sabang,ID,5.8933,95.3214,83.23,73,93,22.3,overcast clouds,09-18-2022 12:22:52
352,Kristinehamn,SE,59.3098,14.1081,57.76,45,82,6.91,broken clouds,09-18-2022 12:22:53
353,Puerto Ayacucho,VE,5.6639,-67.6236,76.14,90,88,3.04,overcast clouds,09-18-2022 12:22:53
354,Kaitangata,NZ,-46.2817,169.8464,43.79,95,87,7.09,overcast clouds,09-18-2022 12:22:54
355,Ginir,ET,7.1333,40.7,75.79,37,52,4.83,broken clouds,09-18-2022 12:22:54
356,Moyo,UG,3.6609,31.7247,82.99,52,21,2.62,few clouds,09-18-2022 12:22:54
357,Puro,PH,12.4841,123.3827,82.62,76,100,14.41,overcast clouds,09-18-2022 12:22:55
358,Mount Isa,AU,-20.7333,139.5,71.37,28,2,3.44,clear sky,09-18-2022 12:22:55
359,Dovers,VC,12.8833,-61.1833,81.99,75,96,18.41,overcast clouds,09-18-2022 12:22:55
360,Azare,NG,11.6765,10.1948,84.6,55,92,4.09,overcast clouds,09-18-2022 12:22:56
361,Leningradskiy,RU,69.3833,178.4167,33.03,97,100,23.06,light snow,09-18-2022 12:22:56
362,Shu,KZ,43.5983,73.7614,83.52,14,96,11.39,overcast clouds,09-18-2022 12:22:57
363,Loding,NO,67.3,14.75,56.32,78,75,7.0,broken clouds,09-18-2022 12:22:57
364,Progreso,MX,21.2833,-89.6667,76.1,93,11,5.93,few clouds,09-18-2022 12:22:57
365,Santa Vitoria Do Palmar,BR,-33.5189,-53.3681,60.28,73,100,13.29,overcast clouds,09-18-2022 12:22:58
366,Acarau,BR,-2.8856,-40.12,84.16,63,76,16.13,broken clouds,09-18-2022 12:22:58
367,Pangai,TO,-19.8,-174.35,75.31,88,75,16.11,broken clouds,09-18-2022 12:22:59
368,Khash,IR,28.2211,61.2158,91.89,10,21,11.86,few clouds,09-18-2022 12:22:59
369,Taoudenni,ML,22.6783,-3.9836,102.67,12,46,7.29,scattered clouds,09-18-2022 12:23:00
370,Effingham,US,32.3669,-81.3332,71.55,96,12,5.75,few clouds,09-18-2022 12:21:34
371,Flin Flon,CA,54.7682,-101.865,49.84,100,100,4.61,overcast clouds,09-18-2022 12:23:00
372,Sikeston,US,36.8767,-89.5879,67.89,94,0,0.0,clear sky,09-18-2022 12:19:07
373,Bonavista,CA,48.6499,-53.1147,54.16,66,31,20.04,scattered clouds,09-18-2022 12:23:01
374,Kloulklubed,PW,7.0419,134.2556,77.5,82,100,18.5,light rain,09-18-2022 12:23:01
375,Faya,SA,18.3851,42.4509,78.91,37,72,11.34,broken clouds,09-18-2022 12:23:02
376,Nanakuli,US,21.3906,-158.1547,78.46,81,0,4.61,light intensity drizzle,09-18-2022 12:23:02
377,Guapore,BR,-28.8456,-51.8903,55.71,62,84,7.07,broken clouds,09-18-2022 12:23:02
378,Saint-Francois,FR,46.4154,3.9054,62.04,45,0,4.61,clear sky,09-18-2022 12:18:21
379,Tulsipur,NP,28.131,82.2973,77.14,90,93,1.36,overcast clouds,09-18-2022 12:23:03
380,Palembang,ID,-2.9167,104.7458,80.69,83,40,4.61,moderate rain,09-18-2022 12:23:03
381,Midland,US,31.9974,-102.0779,70.68,85,0,8.05,clear sky,09-18-2022 12:22:33
382,Puerto Varas,CL,-41.3195,-72.9854,39.42,100,100,2.3,overcast clouds,09-18-2022 12:23:04
383,Narsaq,GL,60.9167,-46.05,57.42,68,99,5.41,overcast clouds,09-18-2022 12:23:04
384,Port Said,EG,31.2565,32.2841,80.08,63,0,13.58,clear sky,09-18-2022 12:23:05
385,Port-Cartier,CA,50.0334,-66.8654,46.74,60,2,13.04,clear sky,09-18-2022 12:23:05
386,Gao,ML,16.6362,1.637,85.73,50,99,5.68,overcast clouds,09-18-2022 12:23:06
387,Hojai,IN,26.0,92.8667,83.37,85,88,3.67,overcast clouds,09-18-2022 12:23:06
388,Libenge,CD,3.65,18.6333,81.73,75,99,3.38,moderate rain,09-18-2022 12:23:06
389,Saint-Louis,SN,16.3333,-15.0,91.04,27,83,3.69,broken clouds,09-18-2022 12:23:07
390,Shache,CN,38.4167,77.2406,82.85,20,3,9.04,clear sky,09-18-2022 12:23:07
391,Balagansk,RU,54.0103,103.0544,50.38,63,87,3.89,overcast clouds,09-18-2022 12:23:08
392,Bandarbeyla,SO,9.4942,50.8122,86.32,56,0,28.88,clear sky,09-18-2022 12:23:08
393,Kushiro,JP,42.975,144.3747,67.15,100,75,1.14,fog,09-18-2022 12:23:09
394,Aracati,BR,-4.5617,-37.7697,86.61,48,22,12.82,few clouds,09-18-2022 12:23:09
395,Aljezur,PT,37.3191,-8.8033,80.78,59,51,17.38,broken clouds,09-18-2022 12:23:10
396,Nuevo Progreso,MX,23.1667,-97.95,75.47,80,30,2.64,light rain,09-18-2022 12:23:10
397,Champerico,GT,14.3,-91.9167,76.82,89,100,8.37,overcast clouds,09-18-2022 12:23:10
398,Shonguy,RU,68.7526,33.146,48.27,100,100,6.71,overcast clouds,09-18-2022 12:23:11
399,Pavlodar,KZ,52.3,76.95,66.0,22,0,8.95,clear sky,09-18-2022 12:18:14
400,Ixtapa,MX,20.7,-105.2,77.23,100,75,4.61,broken clouds,09-18-2022 12:23:11
401,Ballina,AU,-28.8667,153.5667,62.64,57,81,9.37,broken clouds,09-18-2022 12:23:12
402,Roald,NO,62.5833,6.1333,57.76,76,75,19.57,broken clouds,09-18-2022 12:23:12
403,Nacala,MZ,-14.5428,40.6728,83.52,49,20,11.59,few clouds,09-18-2022 12:23:13
404,Nabire,ID,-3.3667,135.4833,76.57,88,65,3.04,broken clouds,09-18-2022 12:23:13
405,Lukovetskiy,RU,64.2956,41.9211,52.66,89,100,8.37,overcast clouds,09-18-2022 12:20:16
406,Padang,ID,-0.9492,100.3543,75.25,90,100,3.13,moderate rain,09-18-2022 12:21:28
407,Vaitape,PF,-16.5167,-151.75,78.03,73,2,18.84,clear sky,09-18-2022 12:23:14
408,Tabou,CI,4.423,-7.3528,81.52,67,91,10.11,overcast clouds,09-18-2022 12:23:14
409,Arman,RU,59.7,150.1667,34.02,89,51,2.73,broken clouds,09-18-2022 12:23:14
410,Kankan,GN,10.3854,-9.3057,73.44,94,100,6.38,light rain,09-18-2022 12:23:15
411,Valencia,ES,39.3333,-0.8333,72.84,81,99,6.98,overcast clouds,09-18-2022 12:21:30
412,Belmonte,BR,-15.8631,-38.8828,70.84,83,99,12.12,overcast clouds,09-18-2022 12:23:15
413,Santa Catarina De Tepehuanes,MX,25.35,-105.7333,60.51,83,97,3.15,overcast clouds,09-18-2022 12:23:16
414,Baykit,RU,61.67,96.37,47.57,95,100,3.94,overcast clouds,09-18-2022 12:23:16
415,Komatipoort,ZA,-25.4332,31.9548,96.04,15,0,12.77,clear sky,09-18-2022 12:23:16
416,Chama,CH,47.1821,8.4636,63.95,57,20,4.61,few clouds,09-18-2022 12:23:17
417,Vardo,NO,70.3705,31.1107,48.18,93,100,12.66,light rain,09-18-2022 12:23:17
418,Khandyga,RU,62.6667,135.6,40.82,94,100,4.99,light rain,09-18-2022 12:23:18
419,Ahuimanu,US,21.4447,-157.8378,78.21,85,20,4.0,few clouds,09-18-2022 12:23:18
420,Dwarka,IN,22.2394,68.9678,82.53,73,93,10.09,overcast clouds,09-18-2022 12:23:18
421,Urusha,RU,54.05,122.9,34.54,51,61,13.89,broken clouds,09-18-2022 12:23:19
422,Iqaluit,CA,63.7506,-68.5145,40.73,75,40,19.57,scattered clouds,09-18-2022 12:23:19
423,Rio De Jesus,PA,7.9844,-81.1631,75.88,95,99,2.55,overcast clouds,09-18-2022 12:23:20
424,Khorramshahr,IR,30.4397,48.1664,107.56,9,0,4.61,clear sky,09-18-2022 12:23:20
425,Deniliquin,AU,-35.5333,144.9667,46.6,95,59,9.19,broken clouds,09-18-2022 12:23:21
426,Lambarene,GA,-0.7001,10.2406,82.42,74,100,5.77,overcast clouds,09-18-2022 12:23:21
427,Salinopolis,BR,-0.6136,-47.3561,82.8,71,36,12.17,scattered clouds,09-18-2022 12:20:50
428,Mozarlandia,BR,-14.7447,-50.5706,91.81,31,55,9.53,broken clouds,09-18-2022 12:23:22
429,Oksfjord,NO,70.2396,22.3479,46.58,91,100,7.72,overcast clouds,09-18-2022 12:23:22
430,Palmas,BR,-10.2128,-48.3603,87.67,55,20,8.05,few clouds,09-18-2022 12:19:16
431,Ugoofaaru,MV,5.6667,73.0,81.99,73,97,8.57,overcast clouds,09-18-2022 12:23:22
432,Gandajika,CD,-6.75,23.95,90.09,37,100,9.57,overcast clouds,09-18-2022 12:23:23
433,Zarubino,RU,42.63,131.0922,66.81,67,9,16.73,clear sky,09-18-2022 12:23:23
434,Klaksvik,FO,62.2266,-6.589,50.92,68,86,6.49,overcast clouds,09-18-2022 12:23:24
435,Jalu,LY,29.0331,21.5482,96.96,11,0,4.16,clear sky,09-18-2022 12:23:24
436,Adelaide,AU,-34.9333,138.6,54.1,74,75,9.22,broken clouds,09-18-2022 12:21:59
437,Silver City,US,32.7701,-108.2803,67.68,51,0,8.05,clear sky,09-18-2022 12:23:25
438,Magistralnyy,RU,56.1725,107.4458,36.97,70,26,0.67,scattered clouds,09-18-2022 12:23:25
439,Pavlivka,UA,49.4414,28.4596,53.11,85,96,17.13,overcast clouds,09-18-2022 12:23:25
440,Maldonado,UY,-34.6667,-54.9167,60.19,80,100,14.09,overcast clouds,09-18-2022 12:23:26
441,Vanavara,RU,60.34,102.2797,44.01,80,94,4.9,overcast clouds,09-18-2022 12:23:26
442,Sur,OM,22.5667,59.5289,90.59,57,0,4.68,clear sky,09-18-2022 12:22:16
443,Ahipara,NZ,-35.1667,173.1667,58.6,79,100,14.25,light rain,09-18-2022 12:23:27
444,Riyadh,SA,24.6877,46.7219,104.14,9,0,10.29,clear sky,09-18-2022 12:22:41
445,Erenhot,CN,43.6475,111.9767,59.85,25,88,12.97,overcast clouds,09-18-2022 12:23:28
446,Port Macquarie,AU,-31.4333,152.9167,59.9,68,96,6.62,overcast clouds,09-18-2022 12:23:28
447,Massakory,TD,12.996,15.7293,81.5,64,100,6.08,overcast clouds,09-18-2022 12:23:28
448,Sampit,ID,-2.5333,112.95,76.91,93,62,2.24,moderate rain,09-18-2022 12:23:29
449,Cambridge,CA,43.3601,-80.3127,69.04,88,100,9.22,overcast clouds,09-18-2022 12:23:29
450,San Francisco,US,37.7749,-122.4194,64.38,80,100,19.57,overcast clouds,09-18-2022 12:22:10
451,Kita,ML,13.0349,-9.4895,80.44,71,95,5.37,overcast clouds,09-18-2022 12:23:30
452,Hai Duong,VN,20.9333,106.3167,86.0,84,64,6.78,broken clouds,09-18-2022 12:23:30
453,Mount Gambier,AU,-37.8333,140.7667,47.05,72,26,9.15,scattered clouds,09-18-2022 12:23:30
454,Nioro,GM,13.35,-15.75,77.16,93,92,2.1,moderate rain,09-18-2022 12:23:31
455,Little Current,CA,45.9793,-81.9248,66.42,94,100,9.71,overcast clouds,09-18-2022 12:23:31
456,Baruun-Urt,MN,46.6806,113.2792,44.6,41,3,6.89,clear sky,09-18-2022 12:23:32
457,Natal,BR,-5.795,-35.2094,84.42,74,75,12.66,broken clouds,09-18-2022 12:23:32
458,Gwadar,PK,25.1216,62.3254,82.38,72,35,9.75,scattered clouds,09-18-2022 12:23:32
459,Plainview,US,40.7765,-73.4673,70.61,84,0,8.05,clear sky,09-18-2022 12:23:33
460,Emerald,AU,-23.5333,148.1667,74.03,29,0,5.79,clear sky,09-18-2022 12:18:46
461,Luanda,AO,-8.8368,13.2343,75.61,75,100,9.82,overcast clouds,09-18-2022 12:23:33
462,Hami,CN,42.8,93.45,74.21,12,100,4.36,overcast clouds,09-18-2022 12:23:34
463,Jakar,BT,27.5492,90.7525,59.95,94,59,1.63,broken clouds,09-18-2022 12:23:34
464,Hibbing,US,47.4272,-92.9377,60.57,100,100,11.5,overcast clouds,09-18-2022 12:23:10
465,Benton Harbor,US,42.1167,-86.4542,68.65,73,0,8.05,clear sky,09-18-2022 12:23:35
466,Moose Jaw,CA,50.4001,-105.5344,46.65,87,91,11.5,overcast clouds,09-18-2022 12:20:58
467,Nakhodka,RU,42.8333,132.8947,65.34,96,89,2.86,overcast clouds,09-18-2022 12:23:35
468,Santa Luzia,BR,-19.7697,-43.8514,66.34,67,75,16.11,broken clouds,09-18-2022 12:23:36
469,Atambua,ID,-9.1061,124.8925,75.04,78,74,0.34,broken clouds,09-18-2022 12:23:36
470,Balsas,BR,-7.5325,-46.0356,89.85,26,18,14.74,few clouds,09-18-2022 12:23:37
471,Kuusankoski,FI,60.907,26.6244,56.41,88,75,10.36,broken clouds,09-18-2022 12:23:37
472,Pisco,PE,-13.7,-76.2167,57.25,94,100,3.44,mist,09-18-2022 12:23:38
473,Belawan,ID,3.7755,98.6832,80.89,83,95,4.59,light rain,09-18-2022 12:23:38
474,Okha,RU,53.5739,142.9478,51.42,98,100,20.62,light rain,09-18-2022 12:23:38
475,North Bend,US,43.4065,-124.2243,54.91,100,75,0.0,mist,09-18-2022 12:23:39
476,Omsukchan,RU,62.5333,155.8,30.29,71,13,2.73,few clouds,09-18-2022 12:23:39
477,Husavik,IS,66.0449,-17.3389,49.91,66,42,4.76,scattered clouds,09-18-2022 12:23:39
478,Male,MV,4.1748,73.5089,85.95,70,40,9.22,scattered clouds,09-18-2022 12:23:40
479,Evensk,RU,61.95,159.2333,39.83,51,0,8.05,clear sky,09-18-2022 12:23:40
480,El Playon,CO,7.4713,-73.2031,75.47,92,98,2.51,overcast clouds,09-18-2022 12:23:41
481,Kibaya,TZ,-5.3,36.5667,82.31,24,67,6.15,broken clouds,09-18-2022 12:23:41
482,Lata,PT,40.1629,-8.3327,83.48,44,74,3.67,broken clouds,09-18-2022 12:23:42
483,Hasaki,JP,35.7333,140.8333,79.2,88,100,21.47,light rain,09-18-2022 12:22:57
484,Karatsu,JP,33.4425,129.9697,78.69,84,100,28.01,heavy intensity rain,09-18-2022 12:23:42
485,Portoferraio,IT,42.8115,10.3146,78.69,64,20,4.61,few clouds,09-18-2022 12:23:43
486,Namatanai,PG,-3.6667,152.4333,79.57,84,81,7.54,light rain,09-18-2022 12:23:43
487,Miandrivazo,MG,-19.5167,45.4667,92.7,22,12,5.41,few clouds,09-18-2022 12:23:43
488,Inuvik,CA,68.3499,-133.7218,45.46,76,20,1.14,few clouds,09-18-2022 12:23:44
489,Roebourne,AU,-20.7833,117.1333,75.72,42,1,13.78,clear sky,09-18-2022 12:23:44
490,Aranos,NA,-24.1333,19.1167,87.24,14,1,19.95,clear sky,09-18-2022 12:23:44
491,Osorno,CL,-40.5667,-73.15,43.11,81,75,9.22,broken clouds,09-18-2022 12:23:45
492,Virginia Beach,US,36.8529,-75.978,69.03,97,20,0.0,fog,09-18-2022 12:19:38
493,Nyurba,RU,63.2842,118.3319,34.03,69,87,8.39,overcast clouds,09-18-2022 12:23:45
494,Saposoa,PE,-6.934,-76.7716,72.03,80,0,0.69,clear sky,09-18-2022 12:23:46
495,Imperia,IT,43.9667,7.7833,72.09,44,22,7.47,few clouds,09-18-2022 12:23:46
496,Paraiso,CR,9.8383,-83.8656,63.41,95,100,1.07,overcast clouds,09-18-2022 12:23:47
497,San Ramon,US,37.7799,-121.978,62.94,75,100,25.32,light rain,09-18-2022 12:23:47
498,Hofn,IS,64.2539,-15.2082,45.37,76,98,0.54,overcast clouds,09-18-2022 12:23:47
499,Polunochnoye,RU,60.8697,60.4153,58.26,60,23,9.71,few clouds,09-18-2022 12:23:48
500,Bondo,CD,3.8146,23.6866,75.74,83,100,2.13,overcast clouds,09-18-2022 12:23:48
501,Salalah,OM,17.0151,54.0924,82.49,89,100,11.5,overcast clouds,09-18-2022 12:23:48
502,Komsomolskiy,UZ,40.4272,71.7189,84.92,23,13,6.91,few clouds,09-18-2022 12:23:49
503,Prince Rupert,CA,54.3161,-130.3201,51.49,98,0,4.61,mist,09-18-2022 12:21:13
504,Hamilton,US,39.1834,-84.5333,64.4,93,100,6.91,fog,09-18-2022 12:20:55
505,Fairbanks,US,64.8378,-147.7164,47.3,87,100,9.22,overcast clouds,09-18-2022 12:23:50
506,Mountain Home,US,43.133,-115.6912,58.48,58,0,16.11,clear sky,09-18-2022 12:22:18
507,Paamiut,GL,61.994,-49.6678,45.46,84,98,8.03,overcast clouds,09-18-2022 12:23:50
508,Bima,ID,-8.4667,118.7167,77.29,81,98,3.53,overcast clouds,09-18-2022 12:23:51
509,Oga,IT,46.4631,10.347,60.69,37,10,5.75,clear sky,09-18-2022 12:23:51
510,Ayolas,PY,-27.4,-56.9,66.16,55,37,13.67,scattered clouds,09-18-2022 12:23:52
511,Milkovo,RU,54.7167,158.6167,36.3,75,50,2.39,scattered clouds,09-18-2022 12:23:52
512,Kirakira,SB,-10.4544,161.9205,80.56,83,99,12.37,overcast clouds,09-18-2022 12:23:52
513,Grindavik,IS,63.8424,-22.4338,53.55,87,75,25.32,broken clouds,09-18-2022 12:23:53
514,Tagusao,PH,9.1924,117.8141,80.58,83,87,8.5,overcast clouds,09-18-2022 12:23:53
515,Seinajoki,FI,62.7945,22.8282,58.98,79,20,4.61,few clouds,09-18-2022 12:23:54
516,Sorong,ID,-0.8833,131.25,80.26,77,96,3.56,light rain,09-18-2022 12:23:54
517,La Ronge,CA,55.1001,-105.2842,41.25,93,40,2.3,fog,09-18-2022 12:23:54
518,Gat,IL,31.61,34.7642,87.4,100,0,14.07,clear sky,09-18-2022 12:20:49
519,Sulangan,PH,11.1373,123.7228,85.15,70,95,2.35,heavy intensity rain,09-18-2022 12:23:55
520,Kuytun,RU,54.3419,101.5036,46.13,63,41,4.72,scattered clouds,09-18-2022 12:23:55
521,Ojinaga,MX,29.5667,-104.4167,74.35,73,0,6.91,clear sky,09-18-2022 12:23:56
522,Thiruvarur,IN,10.7667,79.65,83.97,73,100,10.74,overcast clouds,09-18-2022 12:23:56
523,Labuhan,ID,-6.8844,112.2051,82.67,69,6,9.24,clear sky,09-18-2022 12:23:57
524,Aranjuez,ES,40.0311,-3.6025,83.68,42,65,13.27,broken clouds,09-18-2022 12:23:57
525,Pangody,RU,65.85,74.4859,56.01,47,64,18.92,broken clouds,09-18-2022 12:23:57
526,Russell,US,32.3502,-85.1999,66.96,94,0,0.0,clear sky,09-18-2022 12:23:58
527,Monroe,US,43.1501,-77.6831,71.55,85,75,9.22,broken clouds,09-18-2022 12:23:58
528,Mwense,ZM,-10.3845,28.698,99.91,13,77,3.11,broken clouds,09-18-2022 12:23:58
529,Soyo,AO,-6.1349,12.3689,78.3,72,100,8.55,overcast clouds,09-18-2022 12:23:59
530,Marsh Harbour,BS,26.5412,-77.0636,82.47,73,84,11.23,broken clouds,09-18-2022 12:23:59
531,Masunga,BW,-20.6246,27.4488,89.64,13,0,7.87,clear sky,09-18-2022 12:24:00
532,Kroya,ID,-7.6331,109.2461,78.35,80,98,6.38,overcast clouds,09-18-2022 12:24:00
533,Malakal,SS,9.5334,31.6605,87.17,59,62,1.83,broken clouds,09-18-2022 12:24:00
534,Palmer,US,42.1584,-72.3287,66.24,87,75,4.61,broken clouds,09-18-2022 12:24:01
535,Jilemnice,CZ,50.6089,15.5065,54.0,90,88,14.74,overcast clouds,09-18-2022 12:24:01
536,Zheleznodorozhnyy,RU,55.7503,38.0042,57.61,88,80,8.72,light rain,09-18-2022 12:24:02
537,Geraldton,AU,-28.7667,114.6,59.41,82,40,8.05,scattered clouds,09-18-2022 12:24:02
538,Hattiesburg,US,31.3271,-89.2903,70.83,100,0,0.0,mist,09-18-2022 12:23:31
539,Del Rio,US,29.3627,-100.8968,75.31,88,0,13.8,clear sky,09-18-2022 12:24:03
540,San Carlos De Bariloche,AR,-41.1456,-71.3082,39.24,88,75,8.05,light intensity drizzle,09-18-2022 12:20:28
541,Clonakilty,IE,51.6231,-8.8706,64.09,64,1,2.04,clear sky,09-18-2022 12:24:03
542,Skjervoy,NO,70.0311,20.9714,48.2,80,91,13.94,overcast clouds,09-18-2022 12:24:04
543,Truro,GB,50.2653,-5.0544,64.83,81,20,12.66,few clouds,09-18-2022 12:24:04
544,Andros Town,BS,24.7,-77.7667,84.16,66,74,11.01,broken clouds,09-18-2022 12:24:04
545,Maraba,BR,-5.3686,-49.1178,86.18,66,20,8.05,few clouds,09-18-2022 12:24:05
546,Coyah,GN,9.75,-13.4167,79.45,89,100,3.0,light rain,09-18-2022 12:24:05
547,Yenagoa,NG,4.9247,6.2642,84.43,65,97,8.34,light rain,09-18-2022 12:24:06
548,Babstovo,RU,48.1167,132.4833,56.46,65,39,8.99,scattered clouds,09-18-2022 12:24:06
549,Walvis Bay,NA,-22.9575,14.5053,67.15,55,0,9.22,clear sky,09-18-2022 12:24:06
550,Yazoo City,US,32.8551,-90.4056,67.69,85,0,4.74,clear sky,09-18-2022 12:24:07
551,Agirish,RU,61.9247,63.0231,57.09,59,27,13.67,scattered clouds,09-18-2022 12:24:07
552,Suntar,RU,62.1444,117.6319,34.79,61,68,8.79,broken clouds,09-18-2022 12:24:07
553,Verkhoyansk,RU,67.5447,133.385,38.03,51,89,5.64,light rain,09-18-2022 12:24:08
554,Orlik,RU,52.5178,99.825,39.56,61,29,1.48,scattered clouds,09-18-2022 12:24:08
555,Qadirpur Ran,PK,30.2924,71.6712,98.49,28,0,1.59,clear sky,09-18-2022 12:24:09
556,Ruidoso,US,33.3317,-105.673,64.51,58,0,3.44,clear sky,09-18-2022 12:24:09
557,Ionia,US,42.9873,-85.0711,68.2,95,75,6.91,broken clouds,09-18-2022 12:24:10
558,Zhangye,CN,38.9342,100.4517,61.3,68,100,14.54,overcast clouds,09-18-2022 12:24:10
559,Northport,US,33.229,-87.5772,69.08,94,75,3.44,mist,09-18-2022 12:24:11
560,Levelland,US,33.5873,-102.378,66.96,86,0,8.75,clear sky,09-18-2022 12:24:04
561,Jacareacanga,BR,-6.2222,-57.7528,79.86,77,79,1.95,broken clouds,09-18-2022 12:24:11
562,Huilong,CN,31.8111,121.655,79.93,79,8,18.34,clear sky,09-18-2022 12:24:11
563,Fort Nelson,CA,58.8053,-122.7002,36.99,93,40,0.0,scattered clouds,09-18-2022 12:24:12
564,Sorsk,RU,54.0033,90.2467,45.75,67,3,4.43,clear sky,09-18-2022 12:24:12
565,Halifax,CA,44.6453,-63.5724,58.44,81,100,8.05,overcast clouds,09-18-2022 12:22:55
566,Penzance,GB,50.1186,-5.5371,64.76,65,0,9.04,clear sky,09-18-2022 12:24:13
567,Pato Branco,BR,-26.2286,-52.6706,55.27,62,6,10.65,clear sky,09-18-2022 12:24:13
568,Ancud,CL,-41.8697,-73.8203,42.22,89,96,5.48,light rain,09-18-2022 12:24:14
569,Yar-Sale,RU,66.8333,70.8333,52.75,71,70,13.96,light rain,09-18-2022 12:24:14
570,Pevek,RU,69.7008,170.3133,32.7,91,100,19.95,overcast clouds,09-18-2022 12:24:15
571,Khovu-Aksy,RU,51.1333,93.6,45.32,62,32,1.88,scattered clouds,09-18-2022 12:24:15
572,Korla,CN,41.7597,86.1469,80.83,13,100,5.19,overcast clouds,09-18-2022 12:19:35
573,Tual,ID,-5.6667,132.75,81.72,77,83,11.72,broken clouds,09-18-2022 12:24:15
574,Salmas,IR,38.1973,44.7653,86.92,17,0,13.13,clear sky,09-18-2022 12:24:16
575,Varhaug,NO,58.6147,5.6457,59.14,70,82,22.91,broken clouds,09-18-2022 12:24:16
576,Baghdad,IQ,33.3406,44.4009,105.71,15,0,6.91,clear sky,09-18-2022 12:21:49
577,Dera Bugti,PK,29.0307,69.151,92.55,30,0,10.31,clear sky,09-18-2022 12:24:17
578,Port Hedland,AU,-20.3167,118.5667,73.45,68,8,8.05,clear sky,09-18-2022 12:24:17
579,Surt,LY,31.2089,16.5887,87.06,48,0,9.82,clear sky,09-18-2022 12:24:18
580,Vagur,FO,61.4732,-6.8119,48.58,71,95,11.56,overcast clouds,09-18-2022 12:24:18
581,Ibra,OM,22.6906,58.5334,106.34,10,3,17.76,clear sky,09-18-2022 12:24:18
582,Willowmore,ZA,-33.2926,23.4895,56.86,63,100,13.49,light rain,09-18-2022 12:24:19
583,Tiverton,GB,50.9,-3.4833,65.41,61,40,9.22,scattered clouds,09-18-2022 12:24:19
584,Ust-Kulom,RU,61.6864,53.6902,59.09,62,71,8.32,broken clouds,09-18-2022 12:24:20
585,Worland,US,44.0169,-107.9554,56.55,81,0,5.75,clear sky,09-18-2022 12:24:20
586,Kuryk,KZ,43.2,51.65,81.84,36,4,13.09,clear sky,09-18-2022 12:24:21
587,Vanimo,PG,-2.6741,141.3028,79.79,83,22,5.61,few clouds,09-18-2022 12:24:21
588,Kapit,MY,2.0167,112.9333,74.7,97,100,1.9,overcast clouds,09-18-2022 12:24:21
589,Westport,US,41.1415,-73.3579,70.9,86,0,5.01,clear sky,09-18-2022 12:24:22
590,Loa Janan,ID,-0.583,117.095,76.41,96,27,2.84,scattered clouds,09-18-2022 12:24:22
591,Hanna,CA,51.6334,-111.9018,41.5,68,68,3.67,broken clouds,09-18-2022 12:20:06
592,Port Augusta,AU,-32.5,137.7667,52.83,87,23,9.13,few clouds,09-18-2022 12:24:23
593,Plavsk,RU,53.7094,37.2919,54.18,97,100,11.97,light rain,09-18-2022 12:24:23
594,Chardara,KZ,41.2547,67.9692,86.16,20,2,14.32,clear sky,09-18-2022 12:24:23
595,Mhlambanyatsi,SZ,-26.45,31.0167,81.59,13,7,10.49,clear sky,09-18-2022 12:24:24
596,Winnemucca,US,40.973,-117.7357,46.45,61,75,4.61,broken clouds,09-18-2022 12:24:24
597,Kedougou,SN,12.5579,-12.1743,86.58,74,20,4.61,few clouds,09-18-2022 12:24:25
598,Shizunai,JP,42.3339,142.3669,69.15,95,100,3.89,light rain,09-18-2022 12:24:25
599,High Level,CA,58.5169,-117.136,32.11,93,40,0.0,scattered clouds,09-18-2022 12:24:25
600,Nampula,MZ,-15.1165,39.2666,89.55,23,40,13.8,scattered clouds,09-18-2022 12:24:26
601,Inhambane,MZ,-23.865,35.3833,84.18,65,0,23.02,clear sky,09-18-2022 12:24:26
602,Wajima,JP,37.4,136.9,78.62,91,100,12.46,heavy intensity rain,09-18-2022 12:24:26
603,Buala,SB,-8.145,159.5921,78.42,87,100,6.49,moderate rain,09-18-2022 12:24:27
604,Ewa Beach,US,21.3156,-158.0072,78.44,82,0,4.61,light intensity drizzle,09-18-2022 12:20:46
605,Camara De Lobos,PT,32.6333,-16.9667,79.72,86,40,11.5,scattered clouds,09-18-2022 12:24:27
606,Carballo,ES,43.213,-8.691,81.91,66,100,5.21,overcast clouds,09-18-2022 12:24:28
607,Sinfra,CI,6.6167,-5.9167,83.77,55,82,5.68,broken clouds,09-18-2022 12:24:28
608,Yichun,CN,47.7,128.9,50.59,65,100,12.06,overcast clouds,09-18-2022 12:24:28
609,Quatre Cocos,MU,-20.2078,57.7625,73.51,74,42,15.82,light rain,09-18-2022 12:24:29
610,Boende,CD,-0.2167,20.8667,88.41,47,99,1.5,overcast clouds,09-18-2022 12:24:29
611,Seoul,KR,37.5683,126.9778,81.84,69,0,10.36,clear sky,09-18-2022 12:24:30
612,Sao Luiz Gonzaga,BR,-28.4083,-54.9608,60.58,61,84,15.12,broken clouds,09-18-2022 12:24:30
613,Lupiro,TZ,-8.3833,36.6667,92.82,24,70,6.42,broken clouds,09-18-2022 12:24:30
614,Cheney,US,47.4874,-117.5758,55.42,58,75,12.66,broken clouds,09-18-2022 12:21:34
615,Nishihara,JP,26.1842,127.7558,81.68,86,75,24.16,broken clouds,09-18-2022 12:24:31
616,Verkhnyaya Inta,RU,65.9811,60.3094,46.62,92,100,6.76,light rain,09-18-2022 12:24:31
617,Auki,SB,-8.7676,160.7034,77.77,89,100,5.59,overcast clouds,09-18-2022 12:24:32
618,Starkville,US,33.4504,-88.8184,62.47,100,0,0.0,clear sky,09-18-2022 12:24:32
619,Bilma,NE,18.6853,12.9164,98.98,24,85,4.74,overcast clouds,09-18-2022 12:24:33
620,Muroto,JP,33.2833,134.15,82.09,88,100,38.01,light rain,09-18-2022 12:24:21
621,Shimoda,JP,34.6667,138.95,80.1,93,100,10.13,moderate rain,09-18-2022 12:24:33
622,Avera,US,33.194,-82.5271,69.55,78,0,6.26,clear sky,09-18-2022 12:24:33
623,Bondoukou,CI,8.0333,-2.8,76.35,82,98,6.96,overcast clouds,09-18-2022 12:24:34
624,Culebra,PR,18.303,-65.301,78.89,91,100,52.75,heavy intensity rain,09-18-2022 12:24:34
625,Alta Floresta,BR,-9.8756,-56.0861,76.82,88,55,2.3,mist,09-18-2022 12:24:35
626,Dinar,TR,38.065,30.1656,91.36,15,0,12.03,clear sky,09-18-2022 12:24:35
627,Shubarkuduk,KZ,49.1447,56.4872,80.49,25,59,9.22,broken clouds,09-18-2022 12:24:35
628,Dhidhdhoo,MV,6.8833,73.1,82.02,74,88,10.4,overcast clouds,09-18-2022 12:24:36
629,Cedar City,US,37.6775,-113.0619,59.97,55,0,10.36,clear sky,09-18-2022 12:22:22
630,Sidi Ali,DZ,36.0998,0.4206,84.85,48,1,14.27,clear sky,09-18-2022 12:24:36
631,Kaabong,UG,3.4836,34.1492,80.31,38,31,13.18,scattered clouds,09-18-2022 12:24:37
632,Gore,NZ,-46.1028,168.9436,42.22,94,97,3.49,overcast clouds,09-18-2022 12:24:37
633,Sulmona,IT,42.0479,13.9291,76.55,19,0,4.92,clear sky,09-18-2022 12:24:38
634,Portales,US,34.1862,-103.3344,65.73,83,0,6.78,clear sky,09-18-2022 12:20:24
635,Campana,AR,-34.1687,-58.9591,65.05,75,100,9.28,overcast clouds,09-18-2022 12:24:38
636,Ilebo,CD,-4.3167,20.5833,72.03,91,100,4.23,light rain,09-18-2022 12:24:38
637,Krasnoselkup,RU,65.7,82.4667,53.28,58,86,9.86,overcast clouds,09-18-2022 12:24:39
638,Caxito,AO,-8.5785,13.6643,88.05,46,100,3.18,overcast clouds,09-18-2022 12:24:39
639,Inirida,CO,3.8653,-67.9239,75.24,92,54,0.58,broken clouds,09-18-2022 12:24:40
640,Emba,KZ,48.8264,58.1442,77.38,30,71,5.53,broken clouds,09-18-2022 12:24:40
641,Manhattan,US,40.7834,-73.9662,70.66,82,0,11.5,clear sky,09-18-2022 12:23:54
642,Moindou,NC,-21.6924,165.677,73.56,74,21,3.27,few clouds,09-18-2022 12:24:41
643,Price,US,39.5994,-110.8107,49.26,87,0,6.91,clear sky,09-18-2022 12:24:41
644,Seondha,IN,26.1578,78.7797,88.09,58,60,6.04,broken clouds,09-18-2022 12:24:42
645,Lasa,IT,46.6166,10.7002,63.7,43,24,6.02,few clouds,09-18-2022 12:24:42
646,Itamaraju,BR,-17.0392,-39.5311,67.24,78,100,5.12,overcast clouds,09-18-2022 12:24:42
647,Nhulunbuy,AU,-12.2333,136.7667,81.21,78,94,6.91,overcast clouds,09-18-2022 12:24:43
648,Disna,BY,55.568,28.1971,60.1,55,100,3.49,overcast clouds,09-18-2022 12:24:43
649,Porto Santo,PT,33.072,-16.3415,75.58,73,40,10.36,scattered clouds,09-18-2022 12:24:43
650,Alice Springs,AU,-23.7,133.8833,65.75,30,1,6.91,clear sky,09-18-2022 12:24:44
651,Tazovskiy,RU,67.4667,78.7,51.66,65,49,9.19,scattered clouds,09-18-2022 12:24:45
652,Louis Trichardt,ZA,-23.0439,29.9032,88.52,12,0,8.41,clear sky,09-18-2022 12:24:45
653,Mizdah,LY,31.4451,12.9801,97.38,13,6,7.81,clear sky,09-18-2022 12:24:45
654,Mbandaka,CD,0.0487,18.2603,79.79,75,91,4.18,moderate rain,09-18-2022 12:24:46
655,Jumla,NP,29.2747,82.1838,63.97,93,88,2.75,overcast clouds,09-18-2022 12:24:46
656,Sal Rei,CV,16.1833,-22.9167,84.4,61,40,17.27,scattered clouds,09-18-2022 12:24:46
657,Itaituba,BR,-4.2761,-55.9836,84.36,79,50,8.05,scattered clouds,09-18-2022 12:24:47
658,Goderich,CA,43.7501,-81.7165,70.92,83,93,13.8,overcast clouds,09-18-2022 12:24:47
659,Cairns,AU,-16.9167,145.7667,78.75,83,40,1.14,light rain,09-18-2022 12:21:26
660,Adrar,MR,20.5022,-10.0711,89.55,24,57,9.42,broken clouds,09-18-2022 12:24:48
661,Dzilam Gonzalez,MX,21.2833,-88.9333,73.29,98,20,3.56,few clouds,09-18-2022 12:24:48
662,Oxapampa,PE,-10.5775,-75.4017,59.07,87,3,2.13,clear sky,09-18-2022 12:24:48
663,Jackson,US,42.4165,-122.8345,55.27,93,100,0.0,overcast clouds,09-18-2022 12:22:30
664,Valle De Banderas,MX,20.8,-105.2333,77.61,100,75,4.61,broken clouds,09-18-2022 12:24:49
665,Maragogi,BR,-9.0122,-35.2225,79.68,71,48,9.24,scattered clouds,09-18-2022 12:24:49
666,Atbasar,KZ,51.8,68.3333,68.47,21,7,6.49,clear sky,09-18-2022 12:24:50
667,Rock Sound,BS,24.9,-76.2,83.39,72,64,13.8,broken clouds,09-18-2022 12:24:50
668,Tessalit,ML,20.1986,1.0114,101.62,21,46,10.22,scattered clouds,09-18-2022 12:24:51
669,Coahuayana,MX,18.7333,-103.6833,73.98,95,100,4.25,overcast clouds,09-18-2022 12:24:51
670,Bafra,TR,41.5678,35.9069,90.3,47,0,17.81,clear sky,09-18-2022 12:24:51
671,Mitsamiouli,KM,-11.3847,43.2844,80.89,69,75,3.44,light rain,09-18-2022 12:24:52
672,Berlevag,NO,70.8578,29.0864,46.35,93,75,17.27,light rain,09-18-2022 12:24:52
673,Bolotnoye,RU,55.6717,84.3981,53.22,55,15,5.23,few clouds,09-18-2022 12:24:52
674,Muvattupula,IN,9.9667,76.5833,84.78,85,100,3.56,light rain,09-18-2022 12:23:29
675,Cootamundra,AU,-34.65,148.0333,44.74,93,85,5.55,overcast clouds,09-18-2022 12:24:07
676,Vredendal,ZA,-31.6683,18.5012,63.27,39,99,14.74,overcast clouds,09-18-2022 12:24:53
677,Chase,CA,50.8165,-119.6857,42.33,79,74,2.19,broken clouds,09-18-2022 12:24:53
678,Fort William,GB,56.8165,-5.1121,60.31,80,97,3.62,overcast clouds,09-18-2022 12:24:54
679,Trairi,BR,-3.2778,-39.2689,85.01,59,43,14.18,scattered clouds,09-18-2022 12:24:54
680,Niquero,CU,20.0431,-77.5828,78.89,83,36,6.15,scattered clouds,09-18-2022 12:24:55
